,avg(NO2 Mean),avg(CO Mean),avg(O3 Mean),avg(SO2 Mean),population_density,num_factory,Autos,Trucks,Total Vehicles
0,3.527425414668551,0.354816452750352,0.020919368124118473,0.1979999689703809,32.73444671463682,282,76255,40559,146588
1,3.562149688705242,0.28616704545454436,0.027231071625344338,1.1429756652892586,422.1022839465544,678,161056,51300,241929
2,22.599809342253444,0.45927220528168533,0.023108242957746522,1.2567036746478912,2048.504099050569,29494,5859407,1152856,7498722
3,9.798403982093724,0.2854875261708004,0.025043220385674855,1.162261204545459,1275.7037073973422,1194,670519,150252,916066
4,8.839806648834028,0.34459058436213974,0.026229956104252213,1.083183456790124,450.98086783922366,582,249490,73602,371377
5,14.28586698895028,0.27027335497237465,0.0181268011049724,0.8784872044198871,1798.709300343375,4060,932092,194392,1229130
6,15.269006729658788,0.35969083989501316,0.03294147506561668,1.0686718674540687,151.15430823760488,1294,431144,171716,713001
7,15.69076091232879,0.42761325342465667,0.021041309589041057,0.9612938698630124,3411.7555737634225,1544,379898,61755,470333
8,18.278570263598375,0.32988056973500623,0.030769444909344357,1.0728293486750382,99.65662657493463,3968,1058040,360894,1640794
9,3.6608850221146785,0.22210856150656494,0.03345055701451279,0.5980176703524557,109.73806985507552,958,246436,78906,369403
10,13.175136673972599,0.34769932602739845,0.02995092328767126,1.148973410958903,3120.120053591586,10410,1932075,413250,2526427
11,10.788875323104719,0.4028477436823108,0.024629572202166095,0.49450890794223973,1400.5303068347312,1778,795270,216226,1157002
12,14.148143005571082,0.8102611504178278,0.02936038997214486,0.5556056532033455,37.46407917752472,116,88158,38116,147682
13,19.258673259562887,0.45763443715847063,0.029255887978142082,0.8684814699453559,288.85088741355537,3120,1103854,372871,1685246
14,19.312336536062336,0.6859679761208612,0.02739764327485383,2.504902357699796,667.7351787039983,6232,1899752,488794,2643283
15,13.017255157894699,0.2878423795013847,0.02880943767313016,1.1066702673130215,3151.32976759397,9908,1923926,403502,2509262
16,2.887125980590718,0.1466942016877654,0.03256464303797456,0.6487865649789053,110.92475115844584,894,245447,77844,367898
17,9.6941072679558,0.35810813950276255,0.022008019337016602,0.657002843922652,452.4342504273033,568,250142,72475,371534
18,17.29059325074191,0.39252494807121674,0.027864896142433277,1.5599454139465883,293.9185165002923,2894,1114406,366210,1689593
19,1.8464602197802213,0.3104676080586088,0.02688022344322342,1.2121014597069597,427.843414730468,636,161058,50972,241722
20,10.498705657876425,0.3867287862595426,0.025220648160999448,0.46291344517696276,1414.7551850549892,1660,800516,213257,1159910
21,13.408175269841278,0.35098984285714185,0.01825899365079363,0.3369833523809523,1353.082719446851,4774,1196538,204837,1507729
22,14.242095487671255,0.3412008301369863,0.030075221917808294,1.6483706356164356,153.12310460975525,1244,433851,171597,716536
23,19.46135621124821,0.3344363628257887,0.031138965706447176,0.7635211412894378,100.16517137089254,3744,1055162,355249,1632436
24,17.32447526703513,0.6096008070902381,0.027242408839779055,2.4684126137200804,676.3714338742178,5846,1911703,483895,2653730
25,22.70094853757233,0.51279014585742,0.02265003044315991,0.9487262514450866,2059.499360312437,27312,5785091,1128495,7401550
26,12.862969158904134,0.33170631643835574,0.017597265753424633,0.9292672643835632,1824.6828044711783,3762,937076,188715,1229213
27,2.9076860415512433,0.309983062326869,0.020761623268698057,0.20056118836565096,33.00267487884082,280,76243,40143,147062
28,8.333274496287125,0.27907339418316934,0.024188313118811748,0.7888684696782202,1293.836794734349,1142,673918,147637,917194
29,13.922319947222121,0.9688444236111096,0.02701966388888889,0.46015639999999985,38.376825045514586,114,90287,38650,151469
30,2.6348533177441573,0.24038764099037077,0.022844086657496536,1.2851611980742803,33.21957695458628,270,76305,40354,148697
31,20.44729551851863,0.41964139271017026,0.022612035861258074,0.7809418915343903,2066.065626893812,25820,5810035,1110636,7410625
32,2.12437892102844,0.11146692699724624,0.034079227731864246,0.6643941418732776,111.8586326644782,906,245444,77210,368136
33,7.608833458112407,0.3133413690349926,0.02393280063626737,0.9850142958642647,1307.717719215139,1116,680242,144276,921015
34,12.916266709677414,0.27705670430107476,0.02894710752688172,0.7467599233870963,154.61399261202843,1196,436656,170678,720528
35,9.26397542797206,0.3520028881118871,0.02309811888111883,0.5491519055944061,455.8019518112146,540,250033,70999,370626
36,16.920116675090206,0.46761635198555934,0.031032238267148012,1.2604395794223833,299.79435390570126,2774,1134869,362726,1707950
37,13.87090537536654,0.8763400571847487,0.027310099706744802,0.49045319648093977,38.93906400599722,110,92862,39382,155782
38,13.107570373368187,0.3139703812010454,0.018581099216710133,0.808043203655351,1838.9681708594112,3662,952005,184257,1238111
39,18.927191771165187,0.33086148449287534,0.028798264040234854,0.8020965461022649,101.22204930870237,3610,1066756,350598,1639608
40,11.172932052197831,0.24246152335164772,0.02697010439560441,0.5648764587912081,3175.651696891055,9520,1939359,398478,2520474
41,8.378692592705146,0.29157179331307037,0.025145737082066816,0.23526196580547232,1424.9866921106816,1564,801270,208950,1157341
42,17.280307051519124,0.5775473408190208,0.025284785997358034,0.5650787060766189,683.9080231201611,5694,1931471,475678,2669579
43,13.54535503086417,0.35637274897119336,0.019951016460905337,0.3903861862139927,1365.7347857082627,4676,1208901,201244,1517995
44,12.036352558823568,0.369472698179271,0.020922179271708637,0.6110543949579821,1389.671375897833,4692,1215418,194685,1517190
45,10.211051473972608,0.4131898931506848,0.022290665753424678,0.8463638068493154,459.266692396758,512,249543,68605,365427
46,2.3397625274929816,0.18288571062442127,0.03336662674743708,0.696728887465052,112.41357835738188,886,244837,75671,366061
47,16.398749791900034,0.3878260236966824,0.030364536837570257,0.3017277944851366,306.16157868290657,2754,1151450,351121,1711492
48,8.990090577142848,0.29803121571428526,0.024762211428571438,0.28624841000000034,1441.2715311605484,1528,801612,200603,1141979
49,10.987575689855085,0.23748306811594203,0.026524736231884068,0.27964797971014477,3221.7024823031725,9306,1948063,388252,2519955
50,10.065030991111156,0.2665801671111115,0.03308644800000012,0.7824040231111091,156.2833484826077,1178,437386,168205,717015
51,19.956466322450293,0.4138692908111742,0.022778006731740155,0.5349724826657671,2080.76813009225,25548,5805760,1086927,7360573
52,2.6198949710467683,0.35004169265033364,0.02211517594654787,0.41829736191536876,33.37256817979924,274,75058,39649,146764
53,14.325115763473098,0.8647242215568857,0.02635825449101793,0.4143639535928142,39.318129082925786,104,94778,39336,157322
54,8.515871270146537,0.32697564835164883,0.02278579945054955,1.5727975686813205,1329.035877234536,1100,682737,140422,913512
55,18.277943483284826,0.3374600995639552,0.028922936046511652,1.0335684000726724,102.60146152541556,3524,1074343,338309,1628577
56,15.737148682191744,0.37605338493150714,0.017591668493150688,1.0543877369863028,1865.4494313615664,3646,954158,177376,1225090
57,13.082048456221164,0.42149785115207283,0.027279101382488437,0.4955426147465439,693.9344928765864,5642,1932452,459383,2653878
58,9.142772303278694,0.37938815163934336,0.02346548633879785,0.6419857814207641,463.0104206869934,1305,253989,68276,367969
59,1.856471474121982,0.1637265813308699,0.03476100092421429,1.1304053137707895,113.63799491233812,2265,248404,75633,366657
60,13.98044998466259,0.46360721625766826,0.02724277914110434,0.46424191564417044,39.55462642344626,250,97561,40001,160200
61,9.54613346686749,0.16766968373493935,0.027915445783132528,0.07046924096385551,3254.4598115854883,23605,1982791,384954,2539664
62,1.668079993793631,0.2926706245151249,0.024838647013188612,-0.1407108700543057,33.22944735621292,670,74795,39887,144582
63,12.26515447761191,0.3764617164179096,0.03312310281923722,0.6447199278606975,157.33820325728786,2970,444768,168499,718882
64,8.08348778082195,0.3111526968036525,0.02525037716894981,0.9622410990867595,1344.139719265003,2720,697279,139494,919403
65,15.974102227757998,0.379968391459075,0.027492647686832836,0.210976398576513,310.10102946270507,7300,1184178,347862,1724787
66,21.169009149183935,0.53694595361305,0.021719016783216985,0.5202906629370633,2094.4622836846006,63830,5904847,1079883,7422254
67,17.870175726198678,0.25254961501042344,0.032934102849200717,0.7724560013898535,103.31277767913583,8995,1096412,332313,1629237
68,14.879765326760568,0.47500202535211317,0.019269512676056342,0.7067528267605617,1894.092004967976,9265,974615,175467,1238260
69,8.008199072268898,0.27325398991596567,0.02865938655462184,0.5033680033613441,1453.5589815698288,3780,814459,199890,1142212
70,10.868746103305735,0.3627640013774099,0.021820052341597836,0.6484455440771341,1409.693912750186,11735,1237223,192836,1529351
71,12.28925044195807,0.3501655251748239,0.027150057342657283,0.148587377622377,702.9538745713578,14490,1971635,455292,2672464
72,9.125991097125834,0.3204317804757206,0.022144912784935536,0.4702499028741325,1363.8210875364632,2685,722220,141952,950630
73,9.84290930410959,0.39599536301369814,0.022300356164383563,0.5927553739726027,467.5216408446821,1260,264108,68777,380621
74,17.293137419378738,0.2422591675295861,0.03437125073964506,0.8098884911242614,103.8448473346036,8840,1136591,334383,1677966
75,12.06329433873585,0.27229976823338636,0.028946632090761808,0.22222703403565616,3283.6197529301307,23190,2050972,389358,2617320
76,18.76484220733789,0.46035953071672486,0.025031463310580242,0.42634437400454955,2107.483502794425,62290,6079057,1080125,7609517
77,16.77293117307687,0.5155763090659338,0.017471412087912124,0.5037992376373628,1925.365901176241,9000,1010519,176958,1278400
78,13.120059830555565,0.4192189861111121,0.027967038888888865,0.5785904138888883,158.48777561570583,2920,461132,171241,742054
79,15.594644721792838,0.4368618446676971,0.026393183925811452,0.16055891421947463,313.7337909940154,7390,1236243,351251,1788322
80,1.9819095146788883,0.1512788981651375,0.033307442201834826,0.8848569376146815,115.00015832972691,2255,257049,76887,378282
81,1.896940733236158,0.2844862179300279,0.02224513556851314,0.08505914067055381,33.20279727182099,640,76042,40440,147584
82,12.088949255813949,0.34523449999999906,0.026862177325581438,0.1274259680232552,711.1082387669247,14295,2040780,456571,2752745
83,8.234148091240888,0.3467399160583937,0.025837638686131422,0.580104000000001,1466.4018480389695,3700,844837,202256,1179656
84,12.242864053645157,0.4024367303989,0.020740484181568077,0.34044811898211774,1431.136884548458,11465,1278949,194011,1575973
85,12.788434213564189,0.48373820634920617,0.029895023088023172,0.673908623376626,39.533877128476064,260,102229,40223,166420
86,6.358848287500003,0.2737028180555552,0.026290508333333327,0.7177100791666681,1484.5949881986642,3720,870642,202301,1208025
87,16.532656383285296,0.2424646224783858,0.03273826657060522,0.6952251556195992,104.73958776289528,8900,1172703,335200,1720189
88,19.447162473157807,0.4984274844948338,0.025286811937312328,0.4758175781927301,2118.252769173793,62305,6197573,1066409,7719360
89,7.325887059578379,0.35308507516040216,0.024212572868927727,0.7019523437213562,1382.4777481363285,2675,741024,142052,970824
90,12.282082104395599,0.34539215109890165,0.029821862637362556,0.48103788873626285,160.04795700818724,2915,475004,170735,757308
91,11.068672484507047,0.2286348183098581,0.029923546478873266,0.30113872253521257,3306.6831239252674,23225,2116173,420660,2715617
92,15.181102458563595,0.40629934668508344,0.02933848895027619,0.2438253701657461,317.9785618738713,7460,1279094,351311,1836206
93,14.286363873972578,0.5100146082191778,0.020135824657534274,0.4894526671232884,1959.0239388257069,9010,1044563,176297,1313569
94,13.074419871232859,0.35271652054794456,0.020417534246575296,0.23541465479452048,1448.6627367710976,11385,1311687,191892,1608049
95,13.539796220720714,0.3615469076576566,0.026465977477477438,0.103239182432432,720.0427758334217,14300,2093481,452957,2808018
96,1.583622667839558,0.27881603026038543,0.02205349894440544,0.28129306931738285,33.22994087629426,660,77714,40425,149853
97,8.207331180821901,0.34675799589041084,0.023823158904109645,0.637522361643835,473.7288415945305,1270,271387,68391,388617
98,12.24288798273156,0.36994106907378377,0.02817679905808479,0.8098751428571438,39.90691821654232,265,106481,40318,171525
99,1.311855191176455,0.18127850919117905,0.0335104246323531,0.4924893952205938,116.25439364992242,2330,263924,77107,386395
100,11.490442866666672,0.36691901805555516,0.029597497222222192,0.7247742472222224,40.11664227323028,240,113104,41485,180672
101,14.700072510548514,0.25756440436005634,0.032575959212376784,0.4643676638537272,105.5656932945198,8960,1216312,340884,1776356
102,13.987552335164924,0.5269873131868136,0.019678310439560472,0.7515272225274752,1988.099992694153,9190,1082464,178753,1356342
103,14.377124670391161,0.347186262569833,0.029224712290502736,0.2547468924581008,322.1458389525467,7480,1329526,359997,1902199
104,10.771833545454589,0.3062779266862155,0.029362231671554308,0.10251873753665663,726.9781613462014,14470,2152356,460115,2881256
105,6.698132441091949,0.28254344109195384,0.024570702586206902,1.7524448318965504,1503.1828453773917,3750,918131,217897,1274693
106,7.19815862775737,0.3822419999999978,0.024999781250000068,0.7556326484374973,1400.2231419382183,2715,765068,144712,999733
107,11.617734663768116,0.2660882971014482,0.031561362318840665,0.13164493478260855,3330.034496945913,23310,2248999,400421,2831850
108,10.31866531700287,0.3266588054755035,0.02940617579250719,0.4978033357348707,161.54000820885724,2965,492048,173784,780472
109,12.783799367403324,0.3670554627071816,0.02128290331491717,0.2897990455801102,1464.2093320966171,11380,1349898,193802,1650758
110,8.255008865013737,0.40022306336088215,0.02362650137741049,0.6528854104683195,478.9336715002481,1250,281622,69828,401635
111,18.921232182051316,0.39142901923076834,0.025828531623931804,0.4478356188034186,2127.856499562319,62100,6293639,1075340,7838874
112,2.155433886671972,0.32346329130087975,0.023788213886671853,0.027078583798882606,33.40711458549249,605,79531,41336,153432
113,1.6869657988774431,0.20296956782039333,0.03371900654817609,0.14103183816651363,117.11517959868692,2390,269520,78114,393926
114,14.343573461538442,0.5321435598290606,0.020602974358974378,0.933726965811966,2006.3122519056085,9095,1065332,181484,1338524
115,6.973924296398887,0.37788485872576083,0.024171268698060987,0.9397426634349041,1415.052731307188,2710,835183,151888,1078329
116,15.338750482758616,0.4770264913793104,0.014376327586206886,0.06924631896551725,162.83365099727644,2910,511209,179820,804865
117,15.283268384615345,0.5125089065934061,0.026515329670329674,0.7990270659340656,40.35693249562703,295,121565,43795,191574
118,11.993263420454547,0.40780538636363634,0.02679735227272728,0.24855913068181817,106.43859986800216,8885,1266253,352320,1841642
119,12.982396495867762,0.363832809917355,0.021163504132231392,0.24467421900826403,1471.3360367335365,11245,1382217,197675,1687346
120,2.014554027472527,0.2651784285714281,0.027172554945055032,0.3646409780219787,33.71877251685371,640,80805,42354,156376
121,9.12213207142857,0.43150748214285733,0.01592410714285715,2.5001772321428573,1521.0766835735449,3865,951840,221756,1313152
122,1.915113168269227,0.15014479807692346,0.03463781971153841,0.1908152235576921,117.73662377690286,2415,276471,80502,403822
123,8.404950016528941,0.42256971900826457,0.023890917355371893,0.6115325330578508,485.42427082759,1240,291731,72621,415729
