County,State,year,Factory_num,Unnamed: 0,avg(NO2 Mean),avg(O3 Mean),avg(SO2 Mean),Population,Area,Deaths,pollution_death,resp_death,circ_death,canc_death,resp_circ_death,Crude Rate,pollution_Crude_Rate,resp_Crude_Rate,circ_Crude_Rate,canc_Crude_Rate,resp_circ_Crude_Rate,population_density,NO2_tenyears,SO2_tenyears,O3_tenyears,Autos,Motorcycles,Trailers,Trucks,Total Vehicles
Los Angeles,California,2010,25820,4,20.44729551851863,0.022612035861258,0.7809418915343903,9818605,4752.32,56740,40346,5243,20862,14241,26105,577.8824996015219,410.91377033702855,53.39862434633025,212.47417530290707,145.04097068779117,265.8727996492373,2066.065626893812,27.253925825846217,1.9238752107028567,0.0218130051148512,5810035,146703,343251,1110636,7410625
Orange,California,2010,9520,45,11.172932052197831,0.0269701043956044,0.5648764587912081,3010232,947.91,17165,11952,1608,5878,4466,7486,570.2218300782132,397.0458090937841,53.41780965719586,195.2673415205207,148.3606579160676,248.6851511777165,3175.651696891055,15.441700463313897,1.3008360580448686,0.0290024144935606,1939359,58313,124324,398478,2520474
San Diego,California,2010,5694,54,17.280307051519124,0.025284785997358,0.5650787060766189,3095313,4525.92,19297,12789,1635,6169,4985,7804,623.4264515414111,413.1730781345861,52.821798635549946,199.3013307539496,161.04994874508654,252.12312938949952,683.9080231201611,19.52177906440705,3.2610866374482903,0.0263662369476689,1931471,74818,187612,475678,2669579
Santa Clara,California,2010,4676,56,13.54535503086417,0.0199510164609053,0.3903861862139927,1781642,1304.53,8909,5986,753,2832,2401,3585,500.0443411190351,335.9822006890273,42.26438308032702,158.95449254115024,134.76332506755006,201.21887562147725,1365.7347857082627,13.408175269841278,0.3369833523809523,0.0182589936507936,1208901,37904,69946,201244,1517995
Alameda,California,2010,3662,43,13.107570373368189,0.0185810992167101,0.808043203655351,1510271,821.26,8811,5917,818,2810,2289,3628,583.405229922312,391.7839910850437,54.16246488213043,186.05932312810089,151.5622030748124,240.2217880102313,1838.9681708594112,18.1187440775719,1.4746959703473606,0.0158101600622297,952005,31421,70428,184257,1238111
San Bernardino,California,2010,3610,44,18.927191771165187,0.0287982640402348,0.8020965461022649,2035210,20106.39,11916,8043,1132,4143,2768,5275,585.492406189042,395.1926336839933,55.620795888384976,203.56621675404503,136.00562104156327,259.18701264243003,101.22204930870237,20.25758801965544,1.045360927425929,0.0315594473126301,1066756,42228,180026,350598,1639608
Riverside,California,2010,2774,32,16.920116675090206,0.031032238267148,1.2604395794223833,2189641,7303.81,13961,9644,1279,4960,3405,6239,637.5931031616599,440.43749637497655,58.411401686395166,226.52115118414383,155.50494350443748,284.93255287053904,299.79435390570126,20.630193658733948,1.6210902693847855,0.026856530685768,1134869,42851,167504,362726,1707950
Sacramento,California,2010,1564,52,8.378692592705146,0.0251457370820668,0.2352619658054723,1418788,995.65,10008,6711,1123,3177,2411,4300,705.3907983433747,473.0093572824129,79.15206500195943,223.9235178194346,169.93377446101883,303.07558282139405,1424.9866921106816,12.988722698517648,1.0174447735719407,0.0249971206265829,801270,32610,114511,208950,1157341
Fresno,California,2010,1196,23,12.916266709677414,0.0289471075268817,0.7467599233870963,930450,6017.89,5897,3826,585,2012,1229,2597,633.7793540759847,411.1988822612715,62.87280348218604,216.23945402762104,132.08662475146434,279.1122575098071,154.61399261202843,14.81871463415399,1.1622273633061746,0.0316278157129191,436656,19159,94035,170678,720528
Contra Costa,California,2010,1116,19,7.608833458112407,0.0239328006362673,0.9850142958642648,1049025,802.18,6829,4589,666,2204,1719,2870,650.9854388598936,437.4538261719216,63.48752412954887,210.09985462691543,163.8664474154572,273.5873787564644,1307.717719215139,11.132765552545496,1.5259062836670083,0.0234140332633132,680242,25252,71245,144276,921015
Santa Barbara,California,2010,906,10,2.12437892102844,0.0340792277318642,0.6643941418732776,423895,3789.56,2709,1832,236,950,646,1186,639.0733554300003,432.1824980242749,55.67416459264676,224.11210323311195,152.39623019851615,279.7862678257587,111.8586326644782,4.513732888702149,0.4134155991304114,0.0332445698099646,245444,12238,33244,77210,368136
Solano,California,2010,540,26,9.26397542797206,0.0230981188811188,0.5491519055944061,413344,906.85,2799,1820,298,772,750,1070,677.1599442595029,440.3112177750252,72.09491367964698,186.7693736935821,181.44693040179607,258.8642873732291,455.8019518112146,11.27444953835222,1.1218749785304585,0.0216481799817549,250033,12304,37290,70999,370626
Humboldt,California,2010,270,1,2.6348533177441573,0.0228440866574965,1.2851611980742803,134623,4052.52,1035,639,127,308,204,435,768.8136499706587,474.6588621557981,94.33752033456392,228.78705718933617,151.53428463189798,323.1245775239001,33.21957695458628,3.808521264462932,0.2039463704240816,0.0206335667581304,76305,4930,27108,40354,148697
Imperial,California,2010,110,33,13.87090537536654,0.0273100997067448,0.4904531964809397,174528,4482.08,771,554,67,303,184,370,441.7629262926293,317.4275760909424,38.38925559222589,173.61111111111111,105.42720938760544,212.000366703337,38.93906400599722,14.483829580441045,0.6482680890316548,0.025424134486711,92862,2191,21347,39382,155782
Los Angeles,California,2011,25548,47,19.956466322450293,0.0227780067317401,0.5349724826657671,9888476,4752.32,58294,41249,5575,21366,14308,26941,589.5145015268278,417.1421359570474,56.37875846591528,216.0696956740351,144.693681817097,272.4484541399504,2080.76813009225,25.816785554412338,1.835791298784867,0.0221239917724056,5805760,150143,317743,1086927,7360573
Orange,California,2011,9306,43,10.987575689855085,0.026524736231884,0.2796479797101447,3053884,947.91,17773,12292,1704,6105,4483,7809,581.9801930918136,402.5038279122586,55.79779716583865,199.90936132479163,146.7966694216283,255.7071584906303,3221.7024823031725,14.601984877276852,1.1721827662190711,0.0291030074467823,1948063,59563,124077,388252,2519955
San Diego,California,2011,5642,60,13.082048456221164,0.0272791013824884,0.4955426147465439,3140692,4525.92,19856,13010,1732,6340,4938,8072,632.217358467497,414.2399191006313,55.14708223537997,201.86634028424308,157.22649658100826,257.0134225196231,693.9344928765864,19.211938729530797,2.9889707733070088,0.0265889952283057,1932452,78115,183928,459383,2653878
Santa Clara,California,2011,4692,14,12.036352558823568,0.0209221792717086,0.6110543949579821,1812868,1304.53,9102,5956,774,2739,2443,3513,502.07737132543576,328.54019156386454,42.69477976333633,151.08656559661267,134.75884620391557,193.78134535994897,1389.671375897833,13.476765150352724,0.3636847692974725,0.0191050050558494,1215418,38035,69052,194685,1517190
Alameda,California,2011,3646,57,15.737148682191744,0.0175916684931506,1.0543877369863028,1532019,821.26,9094,5982,893,2872,2217,3765,593.5957713318177,390.4651313071183,58.28909432585365,187.4650379662393,144.7109990150253,245.75413229209292,1865.4494313615664,17.402862119828512,1.3794598608199309,0.0162060085128698,954158,31298,62258,177376,1225090
San Bernardino,California,2011,3524,56,18.277943483284822,0.0289229360465116,1.0335684000726724,2062945,20106.39,12193,8094,1163,4098,2833,5261,591.0482344415386,392.3517107824009,56.37571530021402,198.6480492693697,137.3279462128171,255.0237645695838,102.60146152541556,19.97047105912828,0.982546713070638,0.0312970783143548,1074343,42153,173772,338309,1628577
Riverside,California,2011,2754,33,16.398749791900034,0.0303645368375702,0.3017277944851366,2236146,7303.81,14600,10097,1437,5222,3438,6659,652.9090676547953,451.5358120623609,64.26235138492746,233.52679118447543,153.74666949295798,297.7891425694029,306.16157868290657,20.142844561362026,1.6298129655710714,0.0276225893339113,1151450,43893,165028,351121,1711492
Sacramento,California,2011,1528,37,8.990090577142848,0.0247622114285714,0.2862484100000003,1435002,995.65,10391,6783,1076,3254,2453,4330,724.1104890446146,472.6822680386508,74.98247389202245,226.7592658407445,170.9405283058839,301.7417397327669,1441.2715311605484,12.36812062574933,0.7493016444243328,0.0253561720046925,801612,32468,107296,200603,1141979
Fresno,California,2011,1178,44,10.065030991111156,0.0330864480000001,0.7824040231111091,940496,6017.89,6074,3901,595,2023,1283,2618,645.8294346812746,414.7811367618788,63.26449022643372,215.09926676987465,136.4173797655705,278.3637569963083,156.2833484826077,14.438225049258673,1.079133875322359,0.0310916740757116,437386,18918,92506,168205,717015
Contra Costa,California,2011,1100,52,8.515871270146537,0.0227857994505495,1.5727975686813205,1066126,802.18,6980,4591,663,2122,1806,2785,654.7068545368934,430.6245228049968,62.18777142664187,199.038387582706,169.39836379564892,261.2261590093479,1329.035877234536,10.562291738467383,1.4530407852451368,0.0236492472135236,682737,25466,64887,140422,913512
Santa Barbara,California,2011,886,31,2.3397625274929816,0.033366626747437,0.696728887465052,425998,3789.56,2716,1877,252,1010,615,1262,637.5616786933272,440.6123972413016,59.15520730144273,237.09031497800456,144.36687496185428,296.2455222794473,112.41357835738188,4.169706272171153,0.448565005065312,0.0334285923751066,244837,12306,33247,75671,366061
Solano,California,2011,512,25,10.211051473972608,0.0222906657534246,0.8463638068493154,416486,906.85,2716,1755,292,755,708,1047,652.122760428922,421.38271154372535,70.11039986938337,181.27860240200152,169.99370927234048,251.38900227138487,459.266692396758,10.86817645889667,1.026052035023965,0.0222538828039327,249543,12316,34963,68605,365427
Humboldt,California,2011,274,49,2.6198949710467683,0.0221151759465478,0.4182973619153687,135243,4052.52,1045,673,128,319,226,447,772.6832442344521,497.62279748304906,94.64445479618168,235.87172718735903,167.10661549950828,330.5161819835408,33.37256817979924,3.573787675119177,0.4201893359541214,0.0210756707380036,75058,5016,27041,39649,146764
Imperial,California,2011,104,51,14.325115763473098,0.0263582544910179,0.4143639535928142,176227,4482.08,799,534,63,315,156,378,453.39249944673634,303.01826621346333,35.74934601394792,178.7467300697396,88.52219012977581,214.4960760836876,39.318129082925786,13.97158273938344,0.477187159957704,0.025475885671443,94778,2410,20798,39336,157322
Los Angeles,California,2012,63830,61,21.169009149183932,0.0217190167832169,0.5202906629370633,9953555,4752.32,58614,41074,5320,21269,14485,26589,588.8750300771935,412.65658350207536,53.44824035231633,213.68244813034136,145.52589501941767,267.1306884826577,2094.4622836846006,24.428701752522997,1.6388113731573963,0.0223613356460165,5904847,154108,283416,1079883,7422254
Orange,California,2012,23605,22,9.54613346686749,0.0279154457831325,0.0704692409638555,3084935,947.91,18178,12490,1647,6205,4638,7852,589.2506649248687,404.8707671312362,53.38848306366261,201.13875981179504,150.34352425577848,254.5272428754577,3254.4598115854883,14.063964875999964,1.060274488534109,0.0288722073090378,1982791,61161,110758,384954,2539664
San Diego,California,2012,14490,72,12.28925044195807,0.0271500573426572,0.148587377622377,3181513,4525.92,19952,13003,1696,6218,5089,7914,627.1230071981475,408.70491492569727,53.30797013873588,195.44160278458708,159.95534200237435,248.7495729233229,702.9538745713578,18.592144909462327,2.7056675617704378,0.0266674977530846,1971635,81178,164359,455292,2672464
Santa Clara,California,2012,11735,70,10.868746103305735,0.0218200523415978,0.6484455440771341,1838988,1304.53,9314,6079,815,2859,2405,3674,506.4742129910581,330.56224401681794,44.3178530800636,155.4659410501863,130.77844988656804,199.78379413025,1409.693912750186,12.996627619843006,0.446141311184309,0.0197107297944692,1237223,38539,60753,192836,1529351
Alameda,California,2012,9265,66,14.879765326760568,0.0192695126760563,0.7067528267605617,1555542,821.26,9337,6167,856,2941,2370,3797,600.2409449568061,396.4534548086776,55.02905096744415,189.0659332888472,152.35847055238622,244.09498425629133,1894.092004967976,16.25138789260915,1.3010417615582337,0.0174216559599433,974615,31583,56595,175467,1238260
San Bernardino,California,2012,8995,64,17.870175726198678,0.0329341028492007,0.7724560013898535,2077247,20106.39,12339,8239,1240,4107,2892,5347,594.0073568526035,396.6307328882892,59.69439358920726,197.71360844425337,139.2227308548285,257.4080020334606,103.31277767913583,19.63637187341572,0.927803951096306,0.0310571180619642,1096412,42829,157683,332313,1629237
Riverside,California,2012,7300,57,15.974102227757998,0.0274926476868328,0.210976398576513,2264919,7303.81,14694,10050,1371,5117,3562,6488,648.7649227190907,443.7244775640983,60.531966043818784,225.9241941985564,157.2683173217232,286.4561602423751,310.10102946270507,19.36189994904517,1.5783735910469825,0.0282017413738327,1184178,45490,147257,347862,1724787
Sacramento,California,2012,3780,69,8.008199072268898,0.0286593865546218,0.5033680033613441,1447236,995.65,10370,6760,993,3271,2496,4264,716.53828401173,467.0972806093823,68.61355024336044,226.0170421410192,172.46668822500268,294.6305923843796,1453.5589815698288,11.814801940457665,0.5851003786534996,0.0253158368975497,814459,32597,95266,199890,1142212
Fresno,California,2012,2970,44,12.26515447761191,0.0331231028192372,0.6447199278606975,946844,6017.89,6201,3932,562,2119,1251,2681,654.9125304696445,415.2743218523854,59.35507855570717,223.79610579989944,132.12313749677878,283.15118435560663,157.33820325728786,13.709359372900757,1.0296788999538171,0.0314241363964263,444768,18755,86860,168499,718882
Contra Costa,California,2012,2720,45,8.08348778082195,0.0252503771689498,0.9622410990867596,1078242,802.18,7152,4682,690,2152,1840,2842,663.3019303644265,434.2253408789493,63.99305536233982,199.58413788370328,170.64814763290616,263.57719324604307,1344.139719265003,10.083194670909949,1.432749770734647,0.0236348062128576,697279,25744,56886,139494,919403
Santa Barbara,California,2012,2265,6,1.856471474121982,0.0347610009242142,1.1304053137707897,430638,3789.56,2847,1946,247,1003,696,1250,661.1121173700416,451.8876643491749,57.356759041236494,232.91024015530448,161.62066515263402,290.2669991965409,113.63799491233812,3.8760395846848255,0.4834704549685467,0.0336118815403894,248404,12362,30258,75633,366657
Solano,California,2012,1305,5,9.142772303278694,0.0234654863387978,0.6419857814207641,419881,906.85,2754,1752,276,729,747,1005,655.9001240827758,417.26108111584,65.7329100387967,173.6206210807348,177.9075499963085,239.35353111953148,463.0104206869934,10.597058019664406,1.0163577859038828,0.0223800371230078,253989,12450,33254,68276,367969
Humboldt,California,2012,670,30,1.668079993793631,0.0248386470131886,-0.1407108700543057,134663,4052.52,1140,721,135,373,213,508,846.5577033038029,535.4106176158261,100.25025433860824,276.98773976519163,158.17262351202632,377.2379941037999,33.22944735621292,3.4148055577737755,0.4198740069476626,0.0212489216060943,74795,4961,24939,39887,144582
Imperial,California,2012,250,21,13.98044998466259,0.0272427791411043,0.4642419156441704,177287,4482.08,789,556,72,343,141,415,445.0410915633972,313.6157755503788,40.61211481947351,193.47160254276963,79.53205818813562,234.0837173622432,39.55462642344626,13.959625033486194,0.4608384628546739,0.02526432653093,97561,2569,20069,40001,160200
Los Angeles,California,2013,62290,37,18.76484220733789,0.0250314633105802,0.4263443740045495,10015436,4752.32,59829,41535,5797,21525,14213,27322,597.3679029050758,414.709853869567,57.88065542029323,214.9182521859258,141.9109462633479,272.7989076062191,2107.483502794425,23.48722087517168,1.4662585245281146,0.0222987632470351,6079057,158402,291933,1080125,7609517
Orange,California,2013,23190,36,12.06329433873585,0.0289466320907618,0.2222270340356561,3112576,947.91,18745,12889,1834,6441,4614,8275,602.2342908253486,414.09430645227616,58.92225603487272,206.9347061726364,148.23734424476706,265.8569622075091,3283.6197529301307,13.25297358668109,0.9124964523632654,0.028785952027998,2050972,63105,113885,389358,2617320
San Diego,California,2013,14295,53,12.088949255813947,0.0268621773255814,0.1274259680232552,3218419,4525.92,20517,13439,1781,6511,5147,8292,637.4869151592754,417.56527040139895,55.337729487677024,202.30429909840825,159.92324181531367,257.64202858608525,711.1082387669247,17.797110832269258,2.3628281335604533,0.0266769583021652,2040780,85072,170322,456571,2752745
Santa Clara,California,2013,11465,58,12.242864053645157,0.020740484181568,0.3404481189821177,1866961,1304.53,9398,6141,806,2917,2418,3723,503.3849127003724,328.93027760087114,43.1717641664716,156.24322093498472,129.51529249941484,199.41498510145632,1431.136884548458,12.46465724070869,0.4967173694075153,0.0202380604312513,1278949,40026,62987,194011,1575973
Alameda,California,2013,9000,38,16.77293117307687,0.0174714120879121,0.5037992376373628,1581226,821.26,9489,6127,953,2876,2298,3829,600.1039699574886,387.4841420518004,60.269689468804586,181.884183538596,145.33026904439973,242.1538730074006,1925.365901176241,15.675794570087008,1.1732314958285008,0.0175083985459064,1010519,32618,58305,176958,1278400
San Bernardino,California,2013,8840,29,17.293137419378738,0.034371250739645,0.8098884911242614,2087945,20106.39,12878,8463,1339,4211,2913,5550,616.7786986726184,405.32676866488345,64.1300417396052,201.6815577038668,139.5151692214115,265.81159944347195,103.8448473346036,19.20421993143504,0.8798218247890102,0.0311629950135509,1136591,43842,163150,334383,1677966
Riverside,California,2013,7390,45,15.594644721792838,0.0263931839258114,0.1605589142194746,2291452,7303.81,14906,10103,1472,5171,3460,6643,650.504570900896,440.89948207512094,64.23874469113908,225.66477499855984,150.995962385422,289.9035196896989,313.7337909940154,18.66997613382705,1.5924494327283418,0.0281268812185039,1236243,47562,153266,351251,1788322
Sacramento,California,2013,3700,54,8.234148091240888,0.0258376386861314,0.580104000000001,1460023,995.65,10530,6842,1072,3305,2465,4377,721.2215150035308,468.6227545730444,73.42350086265765,226.36629696929432,168.83295674109243,299.789797831952,1466.4018480389695,11.104957775105154,0.5211456586565587,0.0251597044453434,844837,33072,99491,202256,1179656
Fresno,California,2013,2920,44,13.120059830555563,0.0279670388888888,0.5785904138888883,953762,6017.89,6425,4101,615,2125,1361,2740,673.648142828085,429.9814838502687,64.48149538354431,222.80191494314096,142.69807352358345,287.28341032668527,158.48777561570583,13.503044387859491,0.9746847610833717,0.0316668458853993,461132,18999,90682,171241,742054
Contra Costa,California,2013,2685,0,9.125991097125834,0.0221449127849355,0.4702499028741325,1094030,802.18,7041,4647,710,2107,1830,2817,643.5838139721945,424.7598329113461,64.89767191027669,192.5906967816239,167.27146421944553,257.48836869190063,1363.8210875364632,9.588319034003586,1.3399917572165494,0.0237555249366176,722220,26749,59709,141952,950630
Santa Barbara,California,2013,2255,51,1.9819095146788883,0.0333074422018348,0.8848569376146815,435800,3789.56,2827,1977,297,963,717,1260,648.6920605782468,453.6484625975218,68.15052776502982,220.97292335933912,164.52501147315283,289.12345112436896,115.00015832972691,3.5954545683237127,0.5479813348212355,0.0335569923214766,257049,12821,31525,76887,378282
Solano,California,2013,1260,23,9.84290930410959,0.0223003561643835,0.5927553739726027,423972,906.85,2844,1896,303,774,819,1077,670.7990150292943,447.1993433528629,71.46698366873284,182.55922560923835,193.1731340748917,254.0262092779712,467.5216408446821,10.214477308783488,0.9525791052547502,0.0225371657019425,264108,12794,34942,68777,380621
Humboldt,California,2013,640,52,1.896940733236158,0.0222451355685131,0.0850591406705538,134555,4052.52,1153,716,109,370,237,479,856.8986659730223,532.1244100925272,81.00776634090148,274.9804912489316,176.13615250269407,355.98825758983315,33.20279727182099,3.1652733343480404,0.3397904530902385,0.0217617395213935,76042,4999,26103,40440,147584
Imperial,California,2013,260,65,12.788434213564187,0.0298950230880231,0.673908623376626,177194,4482.08,839,560,79,334,147,413,473.4923304400826,316.03778908992405,44.58390238947143,188.4939670643476,82.95991963610506,233.077869453819,39.533877128476064,14.007235842008315,0.4821114365419959,0.0256378080763254,102229,2722,21246,40223,166420
Los Angeles,California,2014,62305,43,19.447162473157807,0.0252868119373123,0.4758175781927301,10066615,4752.32,58727,40435,5392,20514,14529,25906,583.3837888903072,401.6742470035856,53.56318881769095,203.78250285721663,144.32855532867802,257.3456916749076,2118.252769173793,22.348745770487263,1.3534572803467515,0.022708946487184,6197573,159464,295914,1066409,7719360
Orange,California,2014,23225,48,11.068672484507047,0.0299235464788732,0.3011387225352125,3134438,947.91,18422,12471,1558,6265,4648,7823,587.7289644906041,397.87036782989486,49.705880288587615,199.87634146855035,148.28814607275692,249.582221757138,3306.6831239252674,12.655346568996595,0.8342266529339698,0.0283352492314085,2116173,63451,115333,420660,2715617
San Diego,California,2014,14300,56,13.539796220720714,0.0264659774774774,0.103239182432432,3258856,4525.92,19928,12896,1630,6292,4974,7922,611.502932317353,395.7216888380463,50.01755217168233,193.07388850565965,152.63024816070424,243.091440677342,720.0427758334217,17.03356922394288,2.0020105057936144,0.0269581581027251,2093481,86896,174684,452957,2808018
Santa Clara,California,2014,11385,51,13.07441987123286,0.0204175342465752,0.2354146547945204,1889824,1304.53,9610,6213,768,2942,2503,3710,508.5129620536092,328.7607734900181,40.63870497993464,155.67587246219753,132.44619604788596,196.31457744213216,1448.6627367710976,12.420298603295985,0.4654635193224358,0.0203385451813147,1311687,40044,64426,191892,1608049
Alameda,California,2014,9010,50,14.286363873972578,0.0201358246575342,0.4894526671232884,1608868,821.26,9323,5977,893,2728,2356,3621,579.4757556244515,371.50344217176297,55.50486428967448,169.56021252209626,146.43836535999222,225.0650768117708,1959.0239388257069,15.43932641594073,0.8762162224537661,0.0172171560950799,1044563,33470,59239,176297,1313569
San Bernardino,California,2014,8900,42,16.532656383285296,0.0327382665706052,0.6952251556195992,2105935,20106.39,12847,8366,1262,4118,2986,5380,610.0378216801563,397.2582249689568,59.92587615477211,195.54259746858284,141.78975134560184,255.46847362335487,104.73958776289528,18.77343140708078,0.8655098779744701,0.0314013122223469,1172703,44554,167732,335200,1720189
Riverside,California,2014,7460,49,15.181102458563595,0.0293384889502761,0.2438253701657461,2322455,7303.81,15051,10294,1381,5129,3784,6510,648.0642251410684,443.2378668262679,59.4629390020474,220.84389148551853,162.93103633870194,280.30683048756595,317.9785618738713,18.10639145365176,1.3969138641779903,0.0280250450404479,1279094,48381,157420,351311,1836206
Sacramento,California,2014,3720,39,6.358848287500003,0.0262905083333333,0.7177100791666681,1478137,995.65,10837,6995,1046,3425,2524,4471,733.1526103466729,473.2308304304676,70.76475319946663,231.71059245523253,170.75548477576842,302.47534565469914,1484.5949881986642,10.43395866109348,0.5040669600905929,0.0252509847575512,870642,32704,102378,202301,1208025
Fresno,California,2014,2915,47,12.2820821043956,0.0298218626373625,0.4810378887362628,963151,6017.89,6320,4004,602,2118,1284,2720,656.1795606296416,415.718822905235,62.5031796675703,219.9032135148071,133.31242972285756,282.4063931823774,160.04795700818724,13.295990868253034,0.8769790001270364,0.0311914122810868,475004,18932,92637,170735,757308
Contra Costa,California,2014,2675,45,7.325887059578379,0.0242125728689277,0.7019523437213562,1108996,802.18,7262,4692,694,2208,1790,2902,654.8265277782788,423.0853853395324,62.57912562353696,199.09900486566227,161.4072548503331,261.67813048919925,1382.4777481363285,9.339389298919784,1.2200004506713829,0.023560891780722,741024,26797,60951,142052,970824
Santa Barbara,California,2014,2330,68,1.311855191176455,0.0335104246323531,0.4924893952205938,440553,3789.56,2892,1920,250,931,739,1181,656.4476918781622,435.8158950228463,56.74686133109978,211.3253115970156,167.74372209473094,268.0721729281153,116.25439364992242,3.271254857362224,0.5791595748397658,0.0335549157789482,263924,13101,32263,77107,386395
Solano,California,2014,1270,66,8.207331180821901,0.0238231589041096,0.637522361643835,429601,906.85,2972,1921,313,787,821,1100,691.8047211249508,447.1591081026348,72.85830340245948,183.19324210139172,191.10756259878352,256.05154550385123,473.7288415945305,10.00839569831047,0.8984165340884747,0.0226206648542925,271387,12906,35933,68391,388617
Humboldt,California,2014,660,60,1.583622667839558,0.0220534989444054,0.2812930693173828,134665,4052.52,1112,718,129,372,217,501,825.7527939702225,533.1749155311328,95.79326476812832,276.24104258716073,161.14060817584377,372.03430735528906,33.22994087629426,3.006731759209055,0.3079490390377779,0.0218221640272835,77714,4972,26742,40425,149853
Imperial,California,2014,265,67,12.24288798273156,0.0281767990580847,0.8098751428571438,178866,4482.08,895,564,72,301,191,373,500.3745820893853,315.31984837811547,40.25359766529134,168.28240135073185,106.7838493620923,208.5359990160232,39.90691821654232,14.157074062808402,0.5364245205764597,0.0267475935561986,106481,2742,21984,40318,171525
Los Angeles,California,2015,62100,53,18.92123218205132,0.0258285316239318,0.4478356188034186,10112255,4752.32,62380,42435,5662,21907,14866,27569,616.8752666937296,419.63933860449526,55.99146777845298,216.6381286864305,147.0097421396118,272.62959646488343,2127.856499562319,21.48356058145964,1.0893496988001805,0.02279220238887,6293639,164152,305743,1075340,7838874
Orange,California,2015,23310,31,11.617734663768116,0.0315613623188406,0.1316449347826085,3156573,947.91,19240,12956,1757,6476,4723,8233,609.5217820085263,410.4451251404609,55.66163050878279,205.1592027176308,149.6242919140473,260.8208332264136,3330.034496945913,12.18062278829279,0.7093824184819514,0.0282752432378964,2248999,64700,117730,400421,2831850
San Diego,California,2015,14470,16,10.771833545454587,0.0293622316715543,0.1025187375366566,3290245,4525.92,20836,13467,1742,6564,5161,8306,633.265911808999,409.3008271420517,52.9443856004644,199.49882151633088,156.8576200252565,252.4432071167953,726.9781613462014,16.410486605701294,1.6035934000977434,0.026955449761912,2152356,89111,179674,460115,2881256
Santa Clara,California,2015,11380,46,12.783799367403324,0.0212829033149171,0.2897990455801102,1910105,1304.53,9969,6404,761,3114,2529,3875,521.9084814709139,335.2695270678837,39.84074173932847,163.0276869596174,132.40109836893782,202.86842869894588,1464.2093320966171,12.529318814618795,0.4271220419011166,0.0203517100255248,1349898,41219,65839,193802,1650758
Alameda,California,2015,9190,14,13.987552335164924,0.0196783104395604,0.7515272225274752,1632747,821.26,9728,6225,971,2920,2334,3891,595.8057188284529,381.2593132922614,59.4703282259897,178.83971001018529,142.94927505608646,238.310038236175,1988.099992694153,15.295206098194711,0.8278707780374563,0.0175819896653867,1082464,34267,60858,178753,1356342
San Bernardino,California,2015,8960,9,14.700072510548514,0.0325759592123767,0.4643676638537272,2122545,20106.39,13470,8775,1292,4372,3111,5664,634.6155205189996,413.4187967746267,60.87032312624703,205.97914296281112,146.5693306855685,266.8494660890582,105.5656932945198,18.31826556910077,0.8481985504234821,0.0315771479703165,1216312,46096,173064,340884,1776356
Riverside,California,2015,7480,15,14.37712467039116,0.0292247122905027,0.2547468924581008,2352892,7303.81,16094,10977,1555,5626,3796,7181,684.0092957942821,466.53225052403593,66.08888125761828,239.1099973989456,161.333371867472,305.1988786565639,322.1458389525467,17.88551569670874,1.0819221735118274,0.0281236796275439,1329526,50420,162256,359997,1902199
Sacramento,California,2015,3750,24,6.698132441091949,0.0245707025862069,1.7524448318965504,1496644,995.65,11345,7377,1095,3708,2574,4803,758.0292975483816,492.9027878373213,73.16369156593018,247.7543089739444,171.9847872974468,320.9180005398745,1503.1828453773917,9.717545316530916,0.5187479989003022,0.0254417278027225,918131,33242,105423,217897,1274693
Fresno,California,2015,2965,37,10.31866531700287,0.0294061757925071,0.4978033357348707,972130,6017.89,6487,4055,583,2148,1324,2731,667.2975836565068,417.1252815981402,59.97140300165616,220.9581023114192,136.19577628506474,280.9295053130754,161.54000820885724,13.169252272770857,0.8274863612031897,0.0310202185756212,492048,19200,95440,173784,780472
Contra Costa,California,2015,2715,30,7.19815862775737,0.02499978125,0.7556326484374973,1123231,802.18,7771,5079,786,2378,1915,3164,691.8434409306723,452.17769096472585,69.97670114161735,211.7106810620433,170.4903087610652,281.68738220366066,1400.2231419382183,8.978240484836157,1.1355896032881625,0.0237565659300889,765068,27573,62380,144712,999733
Santa Barbara,California,2015,2390,63,1.6869657988774431,0.033719006548176,0.1410318381665136,443815,3789.56,2965,1834,280,899,655,1179,668.0711557743655,413.2352444149026,63.08935029235154,202.56187826008585,147.58401586246524,265.6512285524374,117.11517959868692,2.907770775019236,0.5955632534783194,0.0336015061937332,269520,13384,32908,78114,393926
Solano,California,2015,1250,48,8.255008865013737,0.0236265013774104,0.6528854104683195,434321,906.85,3048,1917,313,853,751,1166,701.7850852249834,441.37861167201214,72.06651301687002,196.3985163047608,172.9135823503814,268.4650293216308,478.9336715002481,9.643856927048397,0.835995549624443,0.0229531542419712,281622,13267,36918,69828,401635
Humboldt,California,2015,605,61,2.155433886671972,0.0237882138866718,0.0270785837988826,135383,4052.52,1107,719,102,423,194,525,817.6802109570625,531.0858822747317,75.3418080556643,312.446909877902,143.29716434116543,387.7887179335663,33.40711458549249,2.848608526834666,0.3049872646244007,0.0218478679069637,79531,4999,27566,41336,153432
Imperial,California,2015,240,2,11.490442866666672,0.0295974972222221,0.7247742472222224,179806,4482.08,918,594,116,329,149,445,510.5502597243696,330.3560504098862,64.51397617432121,182.97498414958343,82.86709008598156,247.48896032390465,40.11664227323028,13.8621518411362,0.5941073150534308,0.0271147942270344,113104,2932,23151,41485,180672
Santa Clara,California,2016,11245,35,12.982396495867762,0.0211635041322313,0.244674219008264,1919402,1304.53,10045,6393,729,3195,2469,3924,523.3400819630281,333.0724882020546,37.98057936794898,166.45809476076403,128.6338140733416,204.43867412871305,1471.3360367335365,12.565673179302298,0.4075044709981156,0.0204847376382951,1382217,41348,66106,197675,1687346
Alameda,California,2016,9095,13,14.343573461538442,0.0206029743589743,0.933726965811966,1647704,821.26,9830,6264,866,2988,2410,3854,596.5877366323077,380.16536950811553,52.55798371552172,181.343250972262,146.2641348203318,233.90123468778373,2006.3122519056085,15.149911235635848,0.8193881607585696,0.0178149141958504,1065332,34185,57523,181484,1338524
San Bernardino,California,2016,8885,33,11.993263420454548,0.0267973522727272,0.2485591306818181,2140096,20106.39,14036,9021,1369,4628,3024,5997,655.8584287807649,421.5231466251981,63.9690929752684,216.2519812195341,141.30207243039564,280.22107419480244,106.43859986800216,17.872453849437388,0.8105230733005675,0.0316440099136536,1266253,46883,176186,352320,1841642
Sacramento,California,2016,3865,45,9.12213207142857,0.0159241071428571,2.5001772321428573,1514460,995.65,11185,7091,1031,3531,2529,4562,738.5470728840643,468.2196954690121,68.07707037491912,233.15241076027093,166.99021433382197,301.2294811351901,1521.0766835735449,9.246495672020997,0.6259662410429161,0.0257973035241657,951840,33385,106171,221756,1313152
Fresno,California,2016,2910,25,15.338750482758616,0.0143763275862068,0.0692463189655172,979915,6017.89,6614,4146,611,2207,1328,2818,674.956501329197,423.0979217585198,62.35234688723001,225.22361633406985,135.5219585372201,287.5759632212998,162.83365099727644,12.852520388796634,0.790854913928932,0.0308408804886086,511209,19127,94709,179820,804865
Contra Costa,California,2016,2710,14,6.973924296398887,0.0241712686980609,0.939742663434904,1135127,802.18,7618,4801,704,2221,1876,2925,671.1143334622469,422.9482692245009,62.01949209207428,195.66092604616048,165.26785108626612,257.6804181382348,1415.052731307188,8.659720793734063,1.0356167451051446,0.0240613697929063,835183,27938,63320,151888,1078329
Santa Barbara,California,2016,2415,49,1.915113168269227,0.0346378197115384,0.1908152235576921,446170,3789.56,3028,1903,283,959,661,1242,678.665082815967,426.5190398278683,63.42873792500617,214.9404935338548,148.14980836900733,278.369231458861,117.73662377690286,2.636061039019773,0.5824010406993723,0.0337066490768865,276471,13297,33552,80502,403822
Solano,California,2016,1240,53,8.404950016528941,0.0238909173553718,0.6115325330578508,440207,906.85,3148,2041,294,899,848,1193,715.11811488686,463.64551222493054,66.78676168257206,204.2221046007901,192.6366459415684,271.0088662833622,485.42427082759,9.409482747942842,0.7817074367695409,0.0232827907958972,291731,13393,37984,72621,415729
Humboldt,California,2016,640,38,2.014554027472527,0.027172554945055,0.3646409780219787,136646,4052.52,1196,743,93,391,259,484,875.2543067488255,543.7407607979743,68.05907234752573,286.14083105250063,189.540857397948,354.1999034000264,33.71877251685371,2.779291062818397,0.2771963965418488,0.0220419025049345,80805,5129,28088,42354,156376
Imperial,California,2016,295,28,15.283268384615344,0.0265153296703296,0.7990270659340656,180883,4482.08,949,617,104,337,176,441,524.6485297125766,341.10447084579533,57.49572928357004,186.3082766207991,97.30046494142624,243.80400590436912,40.35693249562703,13.526863199677866,0.6458162921904258,0.0274682149719839,121565,3075,23139,43795,191574
